antecedents,consequents,support,confidence,lift
REGENCY TEA PLATE GREEN,REGENCY TEA PLATE ROSES,0.01598196392785571,0.837270341207349,37.55486743932289
REGENCY TEA PLATE ROSES,REGENCY TEA PLATE GREEN,0.01598196392785571,0.7168539325842695,37.554867439322884
POPPY'S PLAYHOUSE KITCHEN,POPPY'S PLAYHOUSE BEDROOM,0.0156813627254509,0.7178899082568807,33.874899689851866
POPPY'S PLAYHOUSE BEDROOM,POPPY'S PLAYHOUSE KITCHEN,0.0156813627254509,0.739952718676123,33.874899689851866
SET/6 RED SPOTTY PAPER PLATES,SET/6 RED SPOTTY PAPER CUPS,0.01753507014028056,0.6641366223908919,30.972352763836923
SET/6 RED SPOTTY PAPER CUPS,SET/6 RED SPOTTY PAPER PLATES,0.01753507014028056,0.8177570093457944,30.97235276383692
SMALL DOLLY MIX DESIGN ORANGE BOWL,SMALL MARSHMALLOWS PINK BOWL,0.01748496993987976,0.6622390891840607,29.57112353493032
SMALL MARSHMALLOWS PINK BOWL,SMALL DOLLY MIX DESIGN ORANGE BOWL,0.01748496993987976,0.7807606263982103,29.57112353493032
WOODEN HEART CHRISTMAS SCANDINAVIAN,WOODEN STAR CHRISTMAS SCANDINAVIAN,0.019438877755511022,0.7211895910780669,28.115125464684013
WOODEN STAR CHRISTMAS SCANDINAVIAN,WOODEN HEART CHRISTMAS SCANDINAVIAN,0.019438877755511022,0.7578125,28.115125464684013
SET OF 12 MINI LOAF BAKING CASES,SET OF 12 FAIRY CAKE BAKING CASES,0.015330661322645291,0.6891891891891893,24.92068155111634
SET OF 12 FAIRY CAKE BAKING CASES,SET OF 12 MINI LOAF BAKING CASES,0.015330661322645291,0.5543478260869565,24.920681551116335
"PINK REGENCY TEACUP AND SAUCER, REGENCY CAKESTAND 3 TIER","GREEN REGENCY TEACUP AND SAUCER, ROSES REGENCY TEACUP AND SAUCER",0.015080160320641283,0.7678571428571428,19.982305829763455
"GREEN REGENCY TEACUP AND SAUCER, REGENCY CAKESTAND 3 TIER","PINK REGENCY TEACUP AND SAUCER, ROSES REGENCY TEACUP AND SAUCER",0.015080160320641283,0.5913555992141455,19.738223679455423
"PINK REGENCY TEACUP AND SAUCER, ROSES REGENCY TEACUP AND SAUCER","GREEN REGENCY TEACUP AND SAUCER, REGENCY CAKESTAND 3 TIER",0.015080160320641283,0.5033444816053512,19.738223679455423
"ROSES REGENCY TEACUP AND SAUCER, GREEN REGENCY TEACUP AND SAUCER, REGENCY CAKESTAND 3 TIER",PINK REGENCY TEACUP AND SAUCER,0.015080160320641283,0.7377450980392157,19.248878636421892
JUMBO BAG VINTAGE CHRISTMAS,JUMBO BAG 50'S CHRISTMAS,0.016132264529058117,0.6764705882352942,18.858034834045352
JUMBO BAG 50'S CHRISTMAS,JUMBO BAG VINTAGE CHRISTMAS,0.016132264529058117,0.4497206703910615,18.858034834045352
HAND WARMER SCOTTY DOG DESIGN,HAND WARMER OWL DESIGN,0.016783567134268536,0.6113138686131386,18.657224491618113
HAND WARMER OWL DESIGN,HAND WARMER SCOTTY DOG DESIGN,0.016783567134268536,0.5122324159021406,18.657224491618113
"GREEN REGENCY TEACUP AND SAUCER, ROSES REGENCY TEACUP AND SAUCER",PINK REGENCY TEACUP AND SAUCER,0.027104208416833666,0.7053455019556714,18.40352446932706
PINK REGENCY TEACUP AND SAUCER,"GREEN REGENCY TEACUP AND SAUCER, ROSES REGENCY TEACUP AND SAUCER",0.027104208416833666,0.7071895424836602,18.40352446932706
STRAWBERRY CHARLOTTE BAG,"CHARLOTTE BAG SUKI DESIGN, WOODLAND CHARLOTTE BAG",0.015180360721442885,0.4196675900277008,18.369660300335326
"CHARLOTTE BAG SUKI DESIGN, WOODLAND CHARLOTTE BAG",STRAWBERRY CHARLOTTE BAG,0.015180360721442885,0.6644736842105262,18.369660300335322
STRAWBERRY CHARLOTTE BAG,"RED RETROSPOT CHARLOTTE BAG, CHARLOTTE BAG SUKI DESIGN",0.016733466933867736,0.4626038781163435,18.2121763455665
"RED RETROSPOT CHARLOTTE BAG, CHARLOTTE BAG SUKI DESIGN",STRAWBERRY CHARLOTTE BAG,0.016733466933867736,0.6587771203155819,18.2121763455665
"PINK REGENCY TEACUP AND SAUCER, GREEN REGENCY TEACUP AND SAUCER","ROSES REGENCY TEACUP AND SAUCER, REGENCY CAKESTAND 3 TIER",0.015080160320641283,0.4762658227848101,18.10717299578059
"ROSES REGENCY TEACUP AND SAUCER, REGENCY CAKESTAND 3 TIER","PINK REGENCY TEACUP AND SAUCER, GREEN REGENCY TEACUP AND SAUCER",0.015080160320641283,0.5733333333333334,18.10717299578059
CHARLOTTE BAG PINK POLKADOT,"STRAWBERRY CHARLOTTE BAG, RED RETROSPOT CHARLOTTE BAG",0.01633266533066132,0.43935309973045816,18.044213725555444
"STRAWBERRY CHARLOTTE BAG, RED RETROSPOT CHARLOTTE BAG",CHARLOTTE BAG PINK POLKADOT,0.01633266533066132,0.6707818930041152,18.044213725555444
SUKI  SHOULDER BAG,DOTCOM POSTAGE,0.016833667334669337,0.6339622641509434,17.923352397241967
DOTCOM POSTAGE,SUKI  SHOULDER BAG,0.016833667334669337,0.47592067988668546,17.923352397241967
"PINK REGENCY TEACUP AND SAUCER, ROSES REGENCY TEACUP AND SAUCER, REGENCY CAKESTAND 3 TIER",GREEN REGENCY TEACUP AND SAUCER,0.015080160320641283,0.9093655589123868,17.918002523091058
STRAWBERRY CHARLOTTE BAG,"RED RETROSPOT CHARLOTTE BAG, WOODLAND CHARLOTTE BAG",0.016382765531062125,0.45290858725761773,17.901099805271386
"RED RETROSPOT CHARLOTTE BAG, WOODLAND CHARLOTTE BAG",STRAWBERRY CHARLOTTE BAG,0.016382765531062125,0.6475247524752475,17.901099805271386
GREEN REGENCY TEACUP AND SAUCER,"PINK REGENCY TEACUP AND SAUCER, ROSES REGENCY TEACUP AND SAUCER",0.027104208416833666,0.5340572556762093,17.82572378477782
"PINK REGENCY TEACUP AND SAUCER, ROSES REGENCY TEACUP AND SAUCER",GREEN REGENCY TEACUP AND SAUCER,0.027104208416833666,0.9046822742474916,17.82572378477782
"GREEN REGENCY TEACUP AND SAUCER, REGENCY CAKESTAND 3 TIER",PINK REGENCY TEACUP AND SAUCER,0.01718436873747495,0.6738703339882123,17.582290021444077
PINK REGENCY TEACUP AND SAUCER,"GREEN REGENCY TEACUP AND SAUCER, REGENCY CAKESTAND 3 TIER",0.01718436873747495,0.4483660130718955,17.582290021444077
"STRAWBERRY CHARLOTTE BAG, CHARLOTTE BAG SUKI DESIGN",WOODLAND CHARLOTTE BAG,0.015180360721442885,0.7301204819277108,17.49484372062078
"RED RETROSPOT CHARLOTTE BAG, CHARLOTTE BAG SUKI DESIGN",CHARLOTTE BAG PINK POLKADOT,0.016482965931863727,0.6489151873767258,17.455993450187933
CHARLOTTE BAG PINK POLKADOT,"RED RETROSPOT CHARLOTTE BAG, CHARLOTTE BAG SUKI DESIGN",0.016482965931863727,0.4433962264150943,17.455993450187933
CHARLOTTE BAG PINK POLKADOT,"RED RETROSPOT CHARLOTTE BAG, WOODLAND CHARLOTTE BAG",0.01628256513026052,0.4380053908355795,17.312054655600328
"RED RETROSPOT CHARLOTTE BAG, WOODLAND CHARLOTTE BAG",CHARLOTTE BAG PINK POLKADOT,0.01628256513026052,0.6435643564356435,17.312054655600328
"RED RETROSPOT CHARLOTTE BAG, CHARLOTTE BAG PINK POLKADOT",STRAWBERRY CHARLOTTE BAG,0.01633266533066132,0.6245210727969348,17.265153203638253
STRAWBERRY CHARLOTTE BAG,"RED RETROSPOT CHARLOTTE BAG, CHARLOTTE BAG PINK POLKADOT",0.01633266533066132,0.45152354570637115,17.265153203638253
"PINK REGENCY TEACUP AND SAUCER, REGENCY CAKESTAND 3 TIER",GREEN REGENCY TEACUP AND SAUCER,0.01718436873747495,0.875,17.24086870681145
HAND WARMER OWL DESIGN,HAND WARMER BIRD DESIGN,0.015581162324649298,0.4755351681957186,17.132999922719392
HAND WARMER BIRD DESIGN,HAND WARMER OWL DESIGN,0.015581162324649298,0.5613718411552346,17.132999922719392
"STRAWBERRY CHARLOTTE BAG, WOODLAND CHARLOTTE BAG",CHARLOTTE BAG SUKI DESIGN,0.015180360721442885,0.7463054187192119,16.889179317047017
"STRAWBERRY CHARLOTTE BAG, CHARLOTTE BAG PINK POLKADOT",RED RETROSPOT CHARLOTTE BAG,0.01633266533066132,0.8601583113456464,16.636395246568895
PINK REGENCY TEACUP AND SAUCER,"ROSES REGENCY TEACUP AND SAUCER, REGENCY CAKESTAND 3 TIER",0.01658316633266533,0.4326797385620915,16.45007158418923
"ROSES REGENCY TEACUP AND SAUCER, REGENCY CAKESTAND 3 TIER",PINK REGENCY TEACUP AND SAUCER,0.01658316633266533,0.6304761904761904,16.45007158418923
"PINK REGENCY TEACUP AND SAUCER, GREEN REGENCY TEACUP AND SAUCER, REGENCY CAKESTAND 3 TIER",ROSES REGENCY TEACUP AND SAUCER,0.015080160320641283,0.8775510204081632,16.44687170642905
PINK REGENCY TEACUP AND SAUCER,GREEN REGENCY TEACUP AND SAUCER,0.031663326653306616,0.8261437908496734,16.278213292556252
GREEN REGENCY TEACUP AND SAUCER,PINK REGENCY TEACUP AND SAUCER,0.031663326653306616,0.6238894373149063,16.27821329255625
"STRAWBERRY CHARLOTTE BAG, RED RETROSPOT CHARLOTTE BAG",WOODLAND CHARLOTTE BAG,0.016382765531062125,0.6728395061728396,16.122300772160717
ROSES REGENCY TEACUP AND SAUCER,"PINK REGENCY TEACUP AND SAUCER, GREEN REGENCY TEACUP AND SAUCER",0.027104208416833666,0.507981220657277,16.043204373922862
"PINK REGENCY TEACUP AND SAUCER, GREEN REGENCY TEACUP AND SAUCER",ROSES REGENCY TEACUP AND SAUCER,0.027104208416833666,0.856012658227848,16.043204373922862
"WOODLAND CHARLOTTE BAG, CHARLOTTE BAG PINK POLKADOT",RED RETROSPOT CHARLOTTE BAG,0.01628256513026052,0.8227848101265822,15.913551172603276
"RED RETROSPOT CHARLOTTE BAG, CHARLOTTE BAG SUKI DESIGN",WOODLAND CHARLOTTE BAG,0.016833667334669337,0.6627218934911242,15.879866739595245
WOODLAND CHARLOTTE BAG,"RED RETROSPOT CHARLOTTE BAG, CHARLOTTE BAG SUKI DESIGN",0.016833667334669337,0.4033613445378151,15.879866739595245
"PINK REGENCY TEACUP AND SAUCER, REGENCY CAKESTAND 3 TIER",ROSES REGENCY TEACUP AND SAUCER,0.01658316633266533,0.8443877551020407,15.825332950081439
BLUE HARMONICA IN BOX,RED  HARMONICA IN BOX,0.015831663326653308,0.5240464344941957,15.824458142971478
RED  HARMONICA IN BOX,BLUE HARMONICA IN BOX,0.015831663326653308,0.47806354009077157,15.824458142971476
SWEETHEART CERAMIC TRINKET BOX,STRAWBERRY CERAMIC TRINKET BOX,0.016733466933867736,0.6561886051080551,15.76116071956291
STRAWBERRY CERAMIC TRINKET BOX,SWEETHEART CERAMIC TRINKET BOX,0.016733466933867736,0.40192539109506614,15.761160719562909
GARDENERS KNEELING PAD CUP OF TEA,GARDENERS KNEELING PAD KEEP CALM,0.027354709418837674,0.7203166226912929,15.747557271542396
GARDENERS KNEELING PAD KEEP CALM,GARDENERS KNEELING PAD CUP OF TEA,0.027354709418837674,0.5980284775465499,15.747557271542396
"STRAWBERRY CHARLOTTE BAG, WOODLAND CHARLOTTE BAG",RED RETROSPOT CHARLOTTE BAG,0.016382765531062125,0.8054187192118227,15.577672127391455
"STRAWBERRY CHARLOTTE BAG, CHARLOTTE BAG SUKI DESIGN",RED RETROSPOT CHARLOTTE BAG,0.016733466933867736,0.8048192771084337,15.56607826655459
"STRAWBERRY CHARLOTTE BAG, RED RETROSPOT CHARLOTTE BAG",CHARLOTTE BAG SUKI DESIGN,0.016733466933867736,0.6872427983539094,15.55256945027668
"CHARLOTTE BAG SUKI DESIGN, CHARLOTTE BAG PINK POLKADOT",RED RETROSPOT CHARLOTTE BAG,0.016482965931863727,0.802439024390244,15.520041595764795
BAKING SET SPACEBOY DESIGN,BAKING SET 9 PIECE RETROSPOT,0.016733466933867736,0.7198275862068966,15.383039208447167
GREEN REGENCY TEACUP AND SAUCER,"ROSES REGENCY TEACUP AND SAUCER, REGENCY CAKESTAND 3 TIER",0.020440881763527055,0.4027640671273446,15.312706247355806
"ROSES REGENCY TEACUP AND SAUCER, REGENCY CAKESTAND 3 TIER",GREEN REGENCY TEACUP AND SAUCER,0.020440881763527055,0.7771428571428572,15.312706247355806
"RED RETROSPOT CHARLOTTE BAG, WOODLAND CHARLOTTE BAG",CHARLOTTE BAG SUKI DESIGN,0.016833667334669337,0.6653465346534653,15.057048561999055
"GREEN REGENCY TEACUP AND SAUCER, REGENCY CAKESTAND 3 TIER",ROSES REGENCY TEACUP AND SAUCER,0.020440881763527055,0.8015717092337918,15.022883865076512
"RED RETROSPOT CHARLOTTE BAG, CHARLOTTE BAG PINK POLKADOT",WOODLAND CHARLOTTE BAG,0.01628256513026052,0.6226053639846743,14.918611122609962
PINK REGENCY TEACUP AND SAUCER,ROSES REGENCY TEACUP AND SAUCER,0.02995991983967936,0.7816993464052289,14.650440332627577
ROSES REGENCY TEACUP AND SAUCER,PINK REGENCY TEACUP AND SAUCER,0.02995991983967936,0.5615023474178404,14.650440332627577
ROUND SNACK BOXES SET OF4 WOODLAND,ROUND SNACK BOXES SET OF 4 FRUITS,0.015430861723446893,0.42076502732240434,14.455197840542496
ROUND SNACK BOXES SET OF 4 FRUITS,ROUND SNACK BOXES SET OF4 WOODLAND,0.015430861723446893,0.5301204819277108,14.455197840542496
PLASTERS IN TIN SPACEBOY,PLASTERS IN TIN WOODLAND ANIMALS,0.017034068136272545,0.5052005943536404,14.323585033094691
PLASTERS IN TIN WOODLAND ANIMALS,PLASTERS IN TIN SPACEBOY,0.017034068136272545,0.48295454545454547,14.323585033094691
"RED RETROSPOT CHARLOTTE BAG, CHARLOTTE BAG PINK POLKADOT",CHARLOTTE BAG SUKI DESIGN,0.016482965931863727,0.6302681992337165,14.26321230918932
"CHARLOTTE BAG SUKI DESIGN, WOODLAND CHARLOTTE BAG",RED RETROSPOT CHARLOTTE BAG,0.016833667334669337,0.7368421052631579,14.251325989392084
"ALARM CLOCK BAKELIKE PINK, ALARM CLOCK BAKELIKE GREEN",ALARM CLOCK BAKELIKE RED,0.0156813627254509,0.7488038277511961,14.220860515617389
SET/6 RED SPOTTY PAPER PLATES,SET/20 RED RETROSPOT PAPER NAPKINS,0.018537074148296594,0.7020872865275143,14.212639187717228
ROSES REGENCY TEACUP AND SAUCER,GREEN REGENCY TEACUP AND SAUCER,0.03842685370741483,0.7201877934272302,14.190472217973856
GREEN REGENCY TEACUP AND SAUCER,ROSES REGENCY TEACUP AND SAUCER,0.03842685370741483,0.75715695952616,14.190472217973854
CHARLOTTE BAG PINK POLKADOT,STRAWBERRY CHARLOTTE BAG,0.018987975951903806,0.5107816711590296,14.120778609881206
STRAWBERRY CHARLOTTE BAG,CHARLOTTE BAG PINK POLKADOT,0.018987975951903806,0.5249307479224377,14.120778609881206
DOLLY GIRL LUNCH BOX,SPACEBOY LUNCH BOX,0.026953907815631263,0.6329411764705882,14.037228758169933
SPACEBOY LUNCH BOX,DOLLY GIRL LUNCH BOX,0.026953907815631263,0.5977777777777777,14.037228758169933
JUMBO BAG APPLES,JUMBO BAG PEARS,0.02034068136272545,0.4151329243353783,13.9261397810658
JUMBO BAG PEARS,JUMBO BAG APPLES,0.02034068136272545,0.6823529411764706,13.9261397810658
CHOCOLATE HOT WATER BOTTLE,HOT WATER BOTTLE I AM SO POORLY,0.01963927855711423,0.4568764568764569,13.88014319521169
HOT WATER BOTTLE I AM SO POORLY,CHOCOLATE HOT WATER BOTTLE,0.01963927855711423,0.5966514459665145,13.880143195211689
RED RETROSPOT CHARLOTTE BAG,CHARLOTTE BAG PINK POLKADOT,0.026152304609218437,0.5058139534883721,13.606531686830063
CHARLOTTE BAG PINK POLKADOT,RED RETROSPOT CHARLOTTE BAG,0.026152304609218437,0.7035040431266846,13.606531686830062
"ALARM CLOCK BAKELIKE PINK, ALARM CLOCK BAKELIKE RED",ALARM CLOCK BAKELIKE GREEN,0.0156813627254509,0.6659574468085107,13.563786365610074
WOODLAND CHARLOTTE BAG,STRAWBERRY CHARLOTTE BAG,0.02034068136272545,0.4873949579831932,13.474242882748666
STRAWBERRY CHARLOTTE BAG,WOODLAND CHARLOTTE BAG,0.02034068136272545,0.5623268698060941,13.474242882748666
SET OF 3 HEART COOKIE CUTTERS,SET OF 3 BUTTERFLY COOKIE CUTTERS,0.015581162324649298,0.454014598540146,13.171702597182142
SET OF 3 BUTTERFLY COOKIE CUTTERS,SET OF 3 HEART COOKIE CUTTERS,0.015581162324649298,0.4520348837209302,13.171702597182142
STRAWBERRY CHARLOTTE BAG,RED RETROSPOT CHARLOTTE BAG,0.02434869739478958,0.6731301939058172,13.019068479031114
RED RETROSPOT CHARLOTTE BAG,STRAWBERRY CHARLOTTE BAG,0.02434869739478958,0.4709302325581395,13.019068479031114
CHARLOTTE BAG SUKI DESIGN,STRAWBERRY CHARLOTTE BAG,0.020791583166332665,0.47052154195011336,13.007770051695655
STRAWBERRY CHARLOTTE BAG,CHARLOTTE BAG SUKI DESIGN,0.020791583166332665,0.574792243767313,13.007770051695653
ALARM CLOCK BAKELIKE ORANGE,ALARM CLOCK BAKELIKE RED,0.015130260521042084,0.6786516853932584,12.888570542768257
DOTCOM POSTAGE,RECYCLING BAG RETROSPOT,0.016933867735470943,0.4787535410764872,12.775295026586479
RECYCLING BAG RETROSPOT,DOTCOM POSTAGE,0.016933867735470943,0.4518716577540108,12.775295026586479
CHARLOTTE BAG PINK POLKADOT,WOODLAND CHARLOTTE BAG,0.019789579158316632,0.532345013477089,12.755830094841171
WOODLAND CHARLOTTE BAG,CHARLOTTE BAG PINK POLKADOT,0.019789579158316632,0.4741896758703481,12.75583009484117
CHARLOTTE BAG PINK POLKADOT,CHARLOTTE BAG SUKI DESIGN,0.020541082164328657,0.5525606469002695,12.504660444591133
CHARLOTTE BAG SUKI DESIGN,CHARLOTTE BAG PINK POLKADOT,0.020541082164328657,0.46485260770975056,12.504660444591133
"ALARM CLOCK BAKELIKE RED, ALARM CLOCK BAKELIKE GREEN",ALARM CLOCK BAKELIKE PINK,0.0156813627254509,0.4890625,12.467033844189018
ALARM CLOCK BAKELIKE IVORY,ALARM CLOCK BAKELIKE RED,0.018687374749498997,0.6543859649122806,12.427729647620477
ALARM CLOCK BAKELIKE RED,ALARM CLOCK BAKELIKE GREEN,0.03206412825651302,0.6089438629876308,12.402570923707255
ALARM CLOCK BAKELIKE GREEN,ALARM CLOCK BAKELIKE RED,0.03206412825651302,0.6530612244897959,12.402570923707255
CHARLOTTE BAG SUKI DESIGN,WOODLAND CHARLOTTE BAG,0.022845691382765532,0.5170068027210885,12.388302259679381
WOODLAND CHARLOTTE BAG,CHARLOTTE BAG SUKI DESIGN,0.022845691382765532,0.5474189675870348,12.388302259679381
VINTAGE HEADS AND TAILS CARD GAME,VINTAGE SNAP CARDS,0.017134268537074147,0.5634266886326194,12.144704865126439
HOT WATER BOTTLE TEA AND SYMPATHY,CHOCOLATE HOT WATER BOTTLE,0.016733466933867736,0.5194401244167963,12.083945085500297
JUMBO BAG PEARS,JUMBO BAG VINTAGE LEAF,0.015731462925851702,0.5277310924369748,11.98351832200457
ALARM CLOCK BAKELIKE IVORY,ALARM CLOCK BAKELIKE GREEN,0.016733466933867736,0.5859649122807017,11.93455066237021
DOTCOM POSTAGE,JUMBO BAG WOODLAND ANIMALS,0.01808617234468938,0.5113314447592068,11.826391236840982
JUMBO BAG WOODLAND ANIMALS,DOTCOM POSTAGE,0.01808617234468938,0.4183082271147161,11.826391236840982
RED RETROSPOT CHARLOTTE BAG,WOODLAND CHARLOTTE BAG,0.02530060120240481,0.4893410852713178,11.725387829550424
WOODLAND CHARLOTTE BAG,RED RETROSPOT CHARLOTTE BAG,0.02530060120240481,0.6062424969987995,11.725387829550424
CHARLOTTE BAG APPLES DESIGN,CHARLOTTE BAG SUKI DESIGN,0.01503006012024048,0.5145797598627787,11.645138329774447
PAPER CHAIN KIT VINTAGE CHRISTMAS,PAPER CHAIN KIT 50'S CHRISTMAS,0.027655310621242483,0.673170731707317,11.583179142136247
PAPER CHAIN KIT 50'S CHRISTMAS,PAPER CHAIN KIT VINTAGE CHRISTMAS,0.027655310621242483,0.4758620689655172,11.583179142136247
JUMBO BAG SCANDINAVIAN PAISLEY,JUMBO BAG PINK VINTAGE PAISLEY,0.01998997995991984,0.4950372208436724,11.423055408138383
JUMBO BAG PINK VINTAGE PAISLEY,JUMBO BAG SCANDINAVIAN PAISLEY,0.01998997995991984,0.461271676300578,11.423055408138383
ALARM CLOCK BAKELIKE RED,ALARM CLOCK BAKELIKE PINK,0.023547094188376753,0.44719314938154137,11.399712977848743
ALARM CLOCK BAKELIKE PINK,ALARM CLOCK BAKELIKE RED,0.023547094188376753,0.6002554278416348,11.399712977848743
"JUMBO BAG RED RETROSPOT, JUMBO SHOPPER VINTAGE RED PAISLEY",JUMBO BAG SCANDINAVIAN PAISLEY,0.0156813627254509,0.4602941176470588,11.398846883666616
GIN + TONIC DIET METAL SIGN,COOK WITH WINE METAL SIGN,0.016432865731462926,0.4054388133498146,11.193027267582709
COOK WITH WINE METAL SIGN,GIN + TONIC DIET METAL SIGN,0.016432865731462926,0.4536652835408022,11.193027267582709
"JUMBO SHOPPER VINTAGE RED PAISLEY, JUMBO BAG PINK POLKADOT",JUMBO STORAGE BAG SUKI,0.015480961923847696,0.6602564102564102,11.130673943173942
CHARLOTTE BAG SUKI DESIGN,RED RETROSPOT CHARLOTTE BAG,0.025400801603206413,0.5748299319727891,11.117834730791541
RED RETROSPOT CHARLOTTE BAG,CHARLOTTE BAG SUKI DESIGN,0.025400801603206413,0.49127906976744184,11.117834730791541
CHARLOTTE BAG APPLES DESIGN,RED RETROSPOT CHARLOTTE BAG,0.016482965931863727,0.5643224699828473,10.914609012458945
"LUNCH BAG  BLACK SKULL., LUNCH BAG CARS BLUE",LUNCH BAG PINK POLKADOT,0.015531062124248497,0.5938697318007663,10.874898941966325
ALARM CLOCK BAKELIKE PINK,ALARM CLOCK BAKELIKE GREEN,0.02094188376753507,0.5338441890166029,10.872989808950402
ALARM CLOCK BAKELIKE GREEN,ALARM CLOCK BAKELIKE PINK,0.02094188376753507,0.42653061224489797,10.8729898089504
"LUNCH BAG RED RETROSPOT, LUNCH BAG SPACEBOY DESIGN",LUNCH BAG WOODLAND,0.015280561122244489,0.5446428571428571,10.689352437140046
"LUNCH BAG RED RETROSPOT, LUNCH BAG CARS BLUE",LUNCH BAG PINK POLKADOT,0.016132264529058117,0.5801801801801802,10.624216877427887
"JUMBO BAG RED RETROSPOT, JUMBO STORAGE BAG SUKI",JUMBO BAG WOODLAND ANIMALS,0.016382765531062125,0.45165745856353595,10.44621422123775
"JUMBO BAG WOODLAND ANIMALS, JUMBO BAG RED RETROSPOT",JUMBO BAG PINK POLKADOT,0.017084168336673346,0.6373831775700934,10.445129905007443
DOTCOM POSTAGE,RED TOADSTOOL LED NIGHT LIGHT,0.0156813627254509,0.44334277620396595,10.422993890496066
LUNCH BAG VINTAGE LEAF DESIGN,LUNCH BAG APPLE DESIGN,0.01808617234468938,0.5404191616766467,10.411936744272074
"LUNCH BAG RED RETROSPOT, LUNCH BAG  BLACK SKULL.",LUNCH BAG PINK POLKADOT,0.01808617234468938,0.5631825273010921,10.312957105440182
"JUMBO BAG WOODLAND ANIMALS, JUMBO BAG RED RETROSPOT",JUMBO STORAGE BAG SUKI,0.016382765531062125,0.6112149532710281,10.303927759535238
"JUMBO STORAGE BAG SUKI, JUMBO BAG PINK POLKADOT",JUMBO SHOPPER VINTAGE RED PAISLEY,0.015480961923847696,0.6,10.192340425531913
JUMBO BAG PEARS,JUMBO BAG DOILEY PATTERNS,0.018537074148296594,0.6218487394957984,10.082941381264124
WOODEN PICTURE FRAME WHITE FINISH,WOODEN FRAME ANTIQUE WHITE,0.027004008016032064,0.49,10.072502574665293
WOODEN FRAME ANTIQUE WHITE,WOODEN PICTURE FRAME WHITE FINISH,0.027004008016032064,0.5550978372811534,10.072502574665291
"LUNCH BAG WOODLAND, LUNCH BAG RED RETROSPOT",LUNCH BAG SPACEBOY DESIGN,0.015280561122244489,0.579847908745247,10.003253464611177
"LUNCH BAG PINK POLKADOT, LUNCH BAG  BLACK SKULL.",LUNCH BAG CARS BLUE,0.015531062124248497,0.5698529411764706,9.890664961636828
COOK WITH WINE METAL SIGN,PLEASE ONE PERSON METAL SIGN,0.015080160320641283,0.4163208852005532,9.834041264618985
"JUMBO BAG RED RETROSPOT, JUMBO BAG SCANDINAVIAN PAISLEY",JUMBO SHOPPER VINTAGE RED PAISLEY,0.0156813627254509,0.5785582255083179,9.828103983954064
PACK OF 60 PINK PAISLEY CAKE CASES,60 TEATIME FAIRY CAKE CASES,0.01773547094188377,0.4073647871116226,9.820049698971
60 TEATIME FAIRY CAKE CASES,PACK OF 60 PINK PAISLEY CAKE CASES,0.01773547094188377,0.427536231884058,9.820049698970998
LUNCH BAG DOLLY GIRL DESIGN,LUNCH BAG SPACEBOY DESIGN,0.019438877755511022,0.5689149560117303,9.81464349351265
"JUMBO BAG RED RETROSPOT, JUMBO SHOPPER VINTAGE RED PAISLEY",JUMBO  BAG BAROQUE BLACK WHITE,0.015581162324649298,0.4573529411764706,9.784313725490195
"LUNCH BAG SUKI  DESIGN, LUNCH BAG SPACEBOY DESIGN",LUNCH BAG CARS BLUE,0.01503006012024048,0.5628517823639775,9.769149196508687
LUNCH BAG ALPHABET DESIGN,LUNCH BAG APPLE DESIGN,0.018687374749498997,0.504054054054054,9.711311697798184
"LUNCH BAG PINK POLKADOT, LUNCH BAG CARS BLUE",LUNCH BAG  BLACK SKULL.,0.015531062124248497,0.6175298804780877,9.682558063112827
"JUMBO BAG RED RETROSPOT, JUMBO SHOPPER VINTAGE RED PAISLEY",JUMBO STORAGE BAG SUKI,0.019539078156312624,0.5735294117647058,9.668620826709061
"JUMBO STORAGE BAG SUKI, JUMBO SHOPPER VINTAGE RED PAISLEY",JUMBO BAG PINK POLKADOT,0.015480961923847696,0.5896946564885497,9.663633286955214
"JUMBO BAG RED RETROSPOT, JUMBO BAG SCANDINAVIAN PAISLEY",JUMBO BAG PINK POLKADOT,0.01598196392785571,0.589648798521257,9.66288178857495
"LUNCH BAG SPACEBOY DESIGN, LUNCH BAG CARS BLUE",LUNCH BAG SUKI  DESIGN,0.01503006012024048,0.6211180124223602,9.655385925194944
"LUNCH BAG SUKI  DESIGN, LUNCH BAG CARS BLUE",LUNCH BAG SPACEBOY DESIGN,0.01503006012024048,0.5565862708719851,9.601955027316182
"JUMBO BAG RED RETROSPOT, JUMBO BAG PINK POLKADOT",JUMBO BAG WOODLAND ANIMALS,0.017084168336673346,0.41333333333333333,9.559830050212437
JUMBO BAG VINTAGE LEAF,JUMBO BAG DOILEY PATTERNS,0.025851703406813628,0.5870307167235496,9.518385951098335
JUMBO BAG DOILEY PATTERNS,JUMBO BAG VINTAGE LEAF,0.025851703406813628,0.4191714053614947,9.518385951098333
"LUNCH BAG SPACEBOY DESIGN, LUNCH BAG  BLACK SKULL.",LUNCH BAG SUKI  DESIGN,0.0156813627254509,0.611328125,9.503200447819314
"LUNCH BAG RED RETROSPOT, LUNCH BAG CARS BLUE",LUNCH BAG SUKI  DESIGN,0.016983967935871744,0.6108108108108108,9.49515871011198
DOTCOM POSTAGE,JUMBO STORAGE BAG SUKI,0.019789579158316632,0.5594900849858356,9.43194433810581
"JUMBO BAG RED RETROSPOT, JUMBO STORAGE BAG SUKI",JUMBO  BAG BAROQUE BLACK WHITE,0.01593186372745491,0.43922651933701656,9.396528752376046
SCOTTIE DOG HOT WATER BOTTLE,CHOCOLATE HOT WATER BOTTLE,0.015581162324649298,0.4033722438391699,9.383811173694442
"LUNCH BAG  BLACK SKULL., LUNCH BAG CARS BLUE",LUNCH BAG SUKI  DESIGN,0.015781563126252503,0.6034482758620688,9.38070684284026
"LUNCH BAG SUKI  DESIGN, LUNCH BAG  BLACK SKULL.",LUNCH BAG CARS BLUE,0.015781563126252503,0.5393835616438356,9.361822513400833
"JUMBO BAG RED RETROSPOT, JUMBO STORAGE BAG SUKI",JUMBO BAG PINK POLKADOT,0.020691382765531063,0.5704419889502763,9.348129802502065
"LUNCH BAG RED RETROSPOT, LUNCH BAG PINK POLKADOT",LUNCH BAG  BLACK SKULL.,0.01808617234468938,0.5957095709570958,9.34042657997143
"LUNCH BAG RED RETROSPOT, LUNCH BAG SUKI  DESIGN",LUNCH BAG WOODLAND,0.015581162324649298,0.47480916030534354,9.318771720447057
LUNCH BAG VINTAGE LEAF DESIGN,LUNCH BAG DOILEY PATTERN,0.017134268537074147,0.5119760479041916,9.306959850790223
"LUNCH BAG RED RETROSPOT, LUNCH BAG SUKI  DESIGN",LUNCH BAG PINK POLKADOT,0.01658316633266533,0.5053435114503817,9.253813292247356
"LUNCH BAG SUKI  DESIGN, LUNCH BAG  BLACK SKULL.",LUNCH BAG SPACEBOY DESIGN,0.0156813627254509,0.535958904109589,9.24610175110406
DOTCOM POSTAGE,GREEN REGENCY TEACUP AND SAUCER,0.01658316633266533,0.4688385269121812,9.23792398535749
"LUNCH BAG RED RETROSPOT, LUNCH BAG PINK POLKADOT",LUNCH BAG CARS BLUE,0.016132264529058117,0.5313531353135315,9.222442244224425
"LUNCH BAG SUKI  DESIGN, LUNCH BAG SPACEBOY DESIGN",LUNCH BAG  BLACK SKULL.,0.0156813627254509,0.5872420262664165,9.207659736274685
"LUNCH BAG WOODLAND, LUNCH BAG RED RETROSPOT",LUNCH BAG SUKI  DESIGN,0.015581162324649298,0.5912547528517109,9.191156438411332
"JUMBO  BAG BAROQUE BLACK WHITE, JUMBO BAG RED RETROSPOT",JUMBO STORAGE BAG SUKI,0.01593186372745491,0.5435897435897435,9.163894663894663
"LUNCH BAG SUKI  DESIGN, LUNCH BAG CARS BLUE",LUNCH BAG  BLACK SKULL.,0.015781563126252503,0.5844155844155844,9.163342549045613
"LUNCH BAG RED RETROSPOT, LUNCH BAG SPACEBOY DESIGN",LUNCH BAG SUKI  DESIGN,0.016533066132264528,0.5892857142857143,9.160547396528704
"JUMBO BAG RED RETROSPOT, JUMBO STORAGE BAG SUKI",JUMBO SHOPPER VINTAGE RED PAISLEY,0.019539078156312624,0.5386740331491713,9.150581873751028
"LUNCH BAG RED RETROSPOT, LUNCH BAG CARS BLUE",LUNCH BAG  BLACK SKULL.,0.016182364729458918,0.581981981981982,9.125184886378916
"JUMBO BAG RED RETROSPOT, JUMBO SHOPPER VINTAGE RED PAISLEY",JUMBO BAG PINK POLKADOT,0.018937875751503006,0.5558823529411765,9.109533468559839
"JUMBO  BAG BAROQUE BLACK WHITE, JUMBO BAG RED RETROSPOT",JUMBO BAG PINK POLKADOT,0.01628256513026052,0.5555555555555555,9.10417806969531
"JUMBO  BAG BAROQUE BLACK WHITE, JUMBO BAG RED RETROSPOT",JUMBO SHOPPER VINTAGE RED PAISLEY,0.015581162324649298,0.5316239316239316,9.030820149118021
"LUNCH BAG SUKI  DESIGN, LUNCH BAG PINK POLKADOT",LUNCH BAG RED RETROSPOT,0.01658316633266533,0.7072649572649572,9.020452745692362
"LUNCH BAG RED RETROSPOT, LUNCH BAG SUKI  DESIGN",LUNCH BAG CARS BLUE,0.016983967935871744,0.517557251908397,8.982993693992698
"LUNCH BAG RED RETROSPOT, LUNCH BAG SPACEBOY DESIGN",LUNCH BAG  BLACK SKULL.,0.01593186372745491,0.5678571428571428,8.903714510155986
HEART OF WICKER SMALL,HEART OF WICKER LARGE,0.02469939879759519,0.4104912572855953,8.857735670724846
HEART OF WICKER LARGE,HEART OF WICKER SMALL,0.02469939879759519,0.532972972972973,8.857735670724846
"LUNCH BAG WOODLAND, LUNCH BAG SUKI  DESIGN",LUNCH BAG RED RETROSPOT,0.015581162324649298,0.6926503340757239,8.834057934921054
JUMBO BAG ALPHABET,JUMBO BAG APPLES,0.01958917835671343,0.43156732891832233,8.807856733343264
JUMBO STORAGE BAG SKULLS,JUMBO STORAGE BAG SUKI,0.018386773547094188,0.5205673758865248,8.775781100249185
JUMBO BAG WOODLAND ANIMALS,JUMBO STORAGE BAG SUKI,0.02249498997995992,0.5202780996523754,8.770904450220787
"LUNCH BAG RED RETROSPOT, LUNCH BAG  BLACK SKULL.",LUNCH BAG CARS BLUE,0.016182364729458918,0.5039001560062403,8.745954012073527
DOTCOM POSTAGE,JUMBO SHOPPER VINTAGE RED PAISLEY,0.01818637274549098,0.5141643059490084,8.734229401482729
"LUNCH BAG RED RETROSPOT, LUNCH BAG SUKI  DESIGN",LUNCH BAG SPACEBOY DESIGN,0.016533066132264528,0.5038167938931297,8.691601733886664
"LUNCH BAG RED RETROSPOT, LUNCH BAG  BLACK SKULL.",LUNCH BAG SUKI  DESIGN,0.017935871743486972,0.5585023400936037,8.682014570302437
"LUNCH BAG RED RETROSPOT, LUNCH BAG SUKI  DESIGN",LUNCH BAG  BLACK SKULL.,0.017935871743486972,0.5465648854961832,8.569862619405983
"LUNCH BAG RED RETROSPOT, LUNCH BAG  BLACK SKULL.",LUNCH BAG SPACEBOY DESIGN,0.01593186372745491,0.4960998439937597,8.55847267598569
PACK OF 72 SKULL CAKE CASES,PACK OF 72 RETROSPOT CAKE CASES,0.018687374749498997,0.5625942684766214,8.507107271813155
"LUNCH BAG RED RETROSPOT, LUNCH BAG PINK POLKADOT",LUNCH BAG SUKI  DESIGN,0.01658316633266533,0.5462046204620462,8.490844411543957
JUMBO BAG SPACEBOY DESIGN,JUMBO STORAGE BAG SUKI,0.017284569138276553,0.5029154518950437,8.47820305728469
JUMBO BAG SCANDINAVIAN PAISLEY,JUMBO SHOPPER VINTAGE RED PAISLEY,0.020140280561122246,0.4987593052109181,8.472541048519085
"LUNCH BAG PINK POLKADOT, LUNCH BAG  BLACK SKULL.",LUNCH BAG RED RETROSPOT,0.01808617234468938,0.6636029411764706,8.463587671490322
JUMBO BAG VINTAGE LEAF,JUMBO BAG APPLES,0.018236472945891785,0.41410693970420936,8.45150768557875
"JUMBO BAG RED RETROSPOT, JUMBO BAG PINK POLKADOT",JUMBO STORAGE BAG SUKI,0.020691382765531063,0.5006060606060606,8.43927108927109
60 TEATIME FAIRY CAKE CASES,PACK OF 72 RETROSPOT CAKE CASES,0.022695390781563126,0.5471014492753623,8.272837066315327
JUMBO BAG PINK VINTAGE PAISLEY,JUMBO SHOPPER VINTAGE RED PAISLEY,0.020891783567134267,0.48208092485549126,8.189221497970728
JUMBO BAG OWLS,JUMBO STORAGE BAG SUKI,0.01598196392785571,0.4855403348554034,8.185291455839401
"LUNCH BAG PINK POLKADOT, LUNCH BAG CARS BLUE",LUNCH BAG RED RETROSPOT,0.016132264529058117,0.6414342629482073,8.180848491019947
JUMBO BAG WOODLAND ANIMALS,JUMBO BAG PINK POLKADOT,0.02149298597194389,0.49710312862108924,8.146287723544287
LUNCH BAG SPACEBOY DESIGN,LUNCH BAG WOODLAND,0.02399799599198397,0.4140017286084702,8.125343660791607
LUNCH BAG WOODLAND,LUNCH BAG SPACEBOY DESIGN,0.02399799599198397,0.47099311701081614,8.125343660791607
"LUNCH BAG WOODLAND, LUNCH BAG SPACEBOY DESIGN",LUNCH BAG RED RETROSPOT,0.015280561122244489,0.6367432150313153,8.121018895862655
JUMBO BAG SPACEBOY DESIGN,JUMBO BAG PINK POLKADOT,0.016983967935871744,0.4941690962099125,8.098206207183788
PACK OF 60 DINOSAUR CAKE CASES,PACK OF 72 RETROSPOT CAKE CASES,0.01598196392785571,0.5307820299500832,8.026067665002774
"LUNCH BAG SUKI  DESIGN, LUNCH BAG CARS BLUE",LUNCH BAG RED RETROSPOT,0.016983967935871744,0.6289424860853432,8.02152844873064
DOTCOM POSTAGE,JUMBO BAG PINK POLKADOT,0.017284569138276553,0.48866855524079317,8.008065979151258
LUNCH BAG PINK POLKADOT,LUNCH BAG CARS BLUE,0.025150300601202404,0.46055045871559636,7.993554048663742
LUNCH BAG CARS BLUE,LUNCH BAG PINK POLKADOT,0.025150300601202404,0.43652173913043474,7.993554048663741
"JUMBO BAG SCANDINAVIAN PAISLEY, JUMBO BAG PINK POLKADOT",JUMBO BAG RED RETROSPOT,0.01598196392785571,0.8350785340314135,7.9790174912719065
"LUNCH BAG SPACEBOY DESIGN, LUNCH BAG  BLACK SKULL.",LUNCH BAG RED RETROSPOT,0.01593186372745491,0.62109375,7.921425718849841
"LUNCH BAG SUKI  DESIGN, LUNCH BAG SPACEBOY DESIGN",LUNCH BAG RED RETROSPOT,0.016533066132264528,0.6191369606003752,7.896468839350472
"LUNCH BAG  BLACK SKULL., LUNCH BAG CARS BLUE",LUNCH BAG RED RETROSPOT,0.016182364729458918,0.6187739463601533,7.891838958050262
LUNCH BAG PINK POLKADOT,LUNCH BAG  BLACK SKULL.,0.027254509018036072,0.4990825688073395,7.825363765431654
LUNCH BAG  BLACK SKULL.,LUNCH BAG PINK POLKADOT,0.027254509018036072,0.427336999214454,7.8253637654316535
"LUNCH BAG SUKI  DESIGN, LUNCH BAG  BLACK SKULL.",LUNCH BAG RED RETROSPOT,0.017935871743486972,0.613013698630137,7.8183727953083295
"JUMBO BAG RED RETROSPOT, JUMBO BAG PINK POLKADOT",JUMBO SHOPPER VINTAGE RED PAISLEY,0.018937875751503006,0.4581818181818182,7.783241779497098
JUMBO BAG SCANDINAVIAN PAISLEY,JUMBO BAG PINK POLKADOT,0.019138276553106213,0.4739454094292804,7.766790124965875
LUNCH BAG DOILEY PATTERN,LUNCH BAG APPLE DESIGN,0.022094188376753508,0.4016393442622951,7.738147984049624
LUNCH BAG APPLE DESIGN,LUNCH BAG DOILEY PATTERN,0.022094188376753508,0.4256756756756757,7.738147984049624
"JUMBO SHOPPER VINTAGE RED PAISLEY, JUMBO BAG PINK POLKADOT",JUMBO BAG RED RETROSPOT,0.018937875751503006,0.8076923076923076,7.717347276945169
LUNCH BAG DOLLY GIRL DESIGN,LUNCH BAG SUKI  DESIGN,0.016933867735470943,0.4956011730205279,7.704205150692941
JUMBO STORAGE BAG SKULLS,JUMBO BAG PINK POLKADOT,0.01658316633266533,0.46950354609929074,7.693998998474419
JUMBO BAG WOODLAND ANIMALS,JUMBO SHOPPER VINTAGE RED PAISLEY,0.019539078156312624,0.45191193511008104,7.676733808338057
JUMBO  BAG BAROQUE BLACK WHITE,JUMBO SHOPPER VINTAGE RED PAISLEY,0.021092184368737475,0.4512325830653805,7.665193496157442
"JUMBO STORAGE BAG SUKI, JUMBO BAG PINK POLKADOT",JUMBO BAG RED RETROSPOT,0.020691382765531063,0.8019417475728156,7.662401762352033
LUNCH BAG WOODLAND,LUNCH BAG CARS BLUE,0.022444889779559118,0.4405113077679449,7.6457440896071125
JUMBO  BAG BAROQUE BLACK WHITE,JUMBO STORAGE BAG SUKI,0.021142284569138275,0.4523043944265809,7.624996379015671
"JUMBO BAG WOODLAND ANIMALS, JUMBO BAG PINK POLKADOT",JUMBO BAG RED RETROSPOT,0.017084168336673346,0.7948717948717948,7.594849701120643
JUMBO SHOPPER VINTAGE RED PAISLEY,JUMBO STORAGE BAG SUKI,0.02625250501002004,0.44595744680851057,7.5179988499137425
JUMBO STORAGE BAG SUKI,JUMBO SHOPPER VINTAGE RED PAISLEY,0.02625250501002004,0.44256756756756754,7.5179988499137425
"JUMBO  BAG BAROQUE BLACK WHITE, JUMBO BAG PINK POLKADOT",JUMBO BAG RED RETROSPOT,0.01628256513026052,0.7850241545893719,7.50075736026992
PACK OF 60 PINK PAISLEY CAKE CASES,PACK OF 72 RETROSPOT CAKE CASES,0.02154308617234469,0.4948216340621404,7.482302890818427
JUMBO BAG SCANDINAVIAN PAISLEY,JUMBO STORAGE BAG SUKI,0.01783567134268537,0.44168734491315137,7.446013010529139
JUMBO BAG DOILEY PATTERNS,LUNCH BAG DOILEY PATTERN,0.02525050100200401,0.40942323314378554,7.442702853870637
LUNCH BAG DOILEY PATTERN,JUMBO BAG DOILEY PATTERNS,0.02525050100200401,0.45901639344262296,7.442702853870637
"JUMBO BAG SCANDINAVIAN PAISLEY, JUMBO SHOPPER VINTAGE RED PAISLEY",JUMBO BAG RED RETROSPOT,0.0156813627254509,0.7786069651741293,7.439442328805946
72 SWEETHEART FAIRY CAKE CASES,PACK OF 72 RETROSPOT CAKE CASES,0.015080160320641283,0.4894308943089431,7.400788371520079
LUNCH BAG SUKI  DESIGN,LUNCH BAG CARS BLUE,0.027004008016032064,0.4197819314641744,7.285954219152106
LUNCH BAG CARS BLUE,LUNCH BAG SUKI  DESIGN,0.027004008016032064,0.468695652173913,7.285954219152105
JUMBO  BAG BAROQUE BLACK WHITE,JUMBO BAG PINK POLKADOT,0.020741482965931864,0.4437299035369775,7.27163290196886
JUMBO STORAGE BAG SKULLS,JUMBO SHOPPER VINTAGE RED PAISLEY,0.015080160320641283,0.4269503546099291,7.2527055983099435
LUNCH BAG SPACEBOY DESIGN,LUNCH BAG CARS BLUE,0.024198396793587176,0.4174589455488332,7.245635263612792
LUNCH BAG CARS BLUE,LUNCH BAG SPACEBOY DESIGN,0.024198396793587176,0.42,7.245635263612791
"JUMBO  BAG BAROQUE BLACK WHITE, JUMBO STORAGE BAG SUKI",JUMBO BAG RED RETROSPOT,0.01593186372745491,0.7535545023696683,7.200070783771459
JUMBO BAG PINK VINTAGE PAISLEY,JUMBO BAG PINK POLKADOT,0.018987975951903806,0.438150289017341,7.180196854504208
JAM MAKING SET PRINTED,JAM MAKING SET WITH JARS,0.023647294589178358,0.4061962134251291,7.162258321524361
JAM MAKING SET WITH JARS,JAM MAKING SET PRINTED,0.023647294589178358,0.4169611307420495,7.162258321524361
LUNCH BAG SPACEBOY DESIGN,LUNCH BAG SUKI  DESIGN,0.026703406813627255,0.4606741573033708,7.161258706990094
LUNCH BAG SUKI  DESIGN,LUNCH BAG SPACEBOY DESIGN,0.026703406813627255,0.41510903426791274,7.161258706990093
JUMBO BAG PINK VINTAGE PAISLEY,JUMBO STORAGE BAG SUKI,0.018336673346693387,0.423121387283237,7.133026089673488
LUNCH BAG SUKI  DESIGN,LUNCH BAG  BLACK SKULL.,0.029258517034068135,0.454828660436137,7.131484730797561
LUNCH BAG  BLACK SKULL.,LUNCH BAG SUKI  DESIGN,0.029258517034068135,0.4587588373919874,7.131484730797561
JUMBO BAG PINK POLKADOT,JUMBO STORAGE BAG SUKI,0.025801603206412827,0.422824302134647,7.128017796121245
JUMBO STORAGE BAG SUKI,JUMBO BAG PINK POLKADOT,0.025801603206412827,0.43496621621621623,7.128017796121244
LUNCH BAG  BLACK SKULL.,LUNCH BAG CARS BLUE,0.026152304609218437,0.4100549882168107,7.117128317223949
LUNCH BAG CARS BLUE,LUNCH BAG  BLACK SKULL.,0.026152304609218437,0.45391304347826084,7.117128317223948
"JUMBO STORAGE BAG SUKI, JUMBO SHOPPER VINTAGE RED PAISLEY",JUMBO BAG RED RETROSPOT,0.019539078156312624,0.7442748091603053,7.111405069813161
LUNCH BAG PINK POLKADOT,LUNCH BAG RED RETROSPOT,0.03036072144288577,0.5559633027522936,7.090752410821585
LUNCH BAG ALPHABET DESIGN,LUNCH BAG SPACEBOY DESIGN,0.015230460921843688,0.4108108108108108,7.087107851152794
SET OF 6 SPICE TINS PANTRY DESIGN,SET OF 3 CAKE TINS PANTRY DESIGN,0.020541082164328657,0.49160671462829736,7.0848159017912025
JUMBO BAG APPLES,JUMBO BAG DOILEY PATTERNS,0.021392785571142284,0.4366053169734151,7.079319355637177
"JUMBO  BAG BAROQUE BLACK WHITE, JUMBO SHOPPER VINTAGE RED PAISLEY",JUMBO BAG RED RETROSPOT,0.015581162324649298,0.7387173396674585,7.058304499646946
"JUMBO BAG WOODLAND ANIMALS, JUMBO STORAGE BAG SUKI",JUMBO BAG RED RETROSPOT,0.016382765531062125,0.7282850779510023,6.95862621153758
LUNCH BAG DOLLY GIRL DESIGN,LUNCH BAG  BLACK SKULL.,0.015130260521042084,0.44281524926686217,6.943120483398718
LUNCH BAG SPACEBOY DESIGN,LUNCH BAG  BLACK SKULL.,0.02565130260521042,0.442523768366465,6.938550209422342
LUNCH BAG  BLACK SKULL.,LUNCH BAG SPACEBOY DESIGN,0.02565130260521042,0.4021995286724273,6.938550209422341
JUMBO BAG STRAWBERRY,JUMBO BAG PINK POLKADOT,0.01743486973947896,0.4233576642335767,6.937782412234967
LUNCH BAG WOODLAND,LUNCH BAG SUKI  DESIGN,0.02249498997995992,0.4414945919370698,6.86310907715258
LUNCH BAG WOODLAND,LUNCH BAG  BLACK SKULL.,0.02224448897795591,0.43657817109144537,6.845326233295561
LUNCH BAG APPLE DESIGN,LUNCH BAG SUKI  DESIGN,0.02249498997995992,0.43339768339768336,6.73724124658704
LUNCH BAG ALPHABET DESIGN,LUNCH BAG SUKI  DESIGN,0.01603206412825651,0.43243243243243235,6.722236254946534
LUNCH BAG DOLLY GIRL DESIGN,LUNCH BAG RED RETROSPOT,0.017935871743486972,0.5249266862170088,6.694911601847601
LUNCH BAG PINK POLKADOT,LUNCH BAG SUKI  DESIGN,0.02344689378757515,0.42935779816513764,6.674440538454943
JUMBO BAG ALPHABET,JUMBO BAG DOILEY PATTERNS,0.018537074148296594,0.40838852097130246,6.621799251492442
LUNCH BAG WOODLAND,LUNCH BAG RED RETROSPOT,0.026352705410821645,0.5172074729596854,6.596460805287745
DOTCOM POSTAGE,JUMBO BAG RED RETROSPOT,0.024298597194388778,0.6869688385269122,6.563857356149912
LUNCH BAG SUKI  DESIGN,LUNCH BAG RED RETROSPOT,0.03281563126252505,0.5101246105919003,6.50612602390692
LUNCH BAG RED RETROSPOT,LUNCH BAG SUKI  DESIGN,0.03281563126252505,0.4185303514376997,6.506126023906919
DOTCOM POSTAGE,SMALL POPCORN HOLDER,0.01598196392785571,0.45184135977337103,6.478989612842303
JUMBO BAG PINK POLKADOT,JUMBO BAG RED RETROSPOT,0.04133266533066132,0.6773399014778325,6.4718546833401325
LUNCH BAG RED RETROSPOT,LUNCH BAG  BLACK SKULL.,0.03211422845691383,0.40958466453674125,6.422081621487317
LUNCH BAG  BLACK SKULL.,LUNCH BAG RED RETROSPOT,0.03211422845691383,0.5035349567949725,6.422081621487317
LUNCH BAG ALPHABET DESIGN,LUNCH BAG  BLACK SKULL.,0.015180360721442885,0.4094594594594594,6.4201184688223165
JUMBO BAG SCANDINAVIAN PAISLEY,JUMBO BAG RED RETROSPOT,0.027104208416833666,0.6712158808933002,6.413340824619565
CANDLEHOLDER PINK HANGING HEART,WHITE HANGING HEART T-LIGHT HOLDER,0.016983967935871744,0.7151898734177216,6.302512085394138
JUMBO BAG TOYS,JUMBO BAG RED RETROSPOT,0.017234468937875752,0.6590038314176245,6.296657001003248
LUNCH BAG APPLE DESIGN,LUNCH BAG  BLACK SKULL.,0.020791583166332665,0.4005791505791506,6.280879690149133
JUMBO BAG STRAWBERRY,JUMBO BAG RED RETROSPOT,0.026853707414829658,0.6520681265206812,6.230387652155479
LUNCH BAG SPACEBOY DESIGN,LUNCH BAG RED RETROSPOT,0.028056112224448898,0.48401037165082106,6.173065187316542
LUNCH BAG CARS BLUE,LUNCH BAG RED RETROSPOT,0.02780561122244489,0.4826086956521739,6.155188220586193
LUNCH BAG APPLE DESIGN,LUNCH BAG RED RETROSPOT,0.02439879759519038,0.4700772200772201,5.9953618611765584
JUMBO  BAG BAROQUE BLACK WHITE,JUMBO BAG RED RETROSPOT,0.02930861723446894,0.6270096463022509,5.990958611868323
JUMBO BAG SPACEBOY DESIGN,JUMBO BAG RED RETROSPOT,0.02149298597194389,0.6253644314868805,5.975238895394033
JUMBO BAG WOODLAND ANIMALS,JUMBO BAG RED RETROSPOT,0.026803607214428857,0.6199304750869061,5.923318469475656
RED HANGING HEART T-LIGHT HOLDER,WHITE HANGING HEART T-LIGHT HOLDER,0.024899799599198396,0.6707152496626181,5.9105855996758745
JUMBO STORAGE BAG SUKI,JUMBO BAG RED RETROSPOT,0.03627254509018036,0.6114864864864864,5.842637755036031
LUNCH BAG VINTAGE LEAF DESIGN,LUNCH BAG RED RETROSPOT,0.015280561122244489,0.45658682634730535,5.8233054657458245
JUMBO BAG PINK VINTAGE PAISLEY,JUMBO BAG RED RETROSPOT,0.02595190380761523,0.5988439306358381,5.721840524409443
JUMBO BAG OWLS,JUMBO BAG RED RETROSPOT,0.01958917835671343,0.5951293759512939,5.686348656767748
JUMBO STORAGE BAG SKULLS,JUMBO BAG RED RETROSPOT,0.020741482965931864,0.5872340425531914,5.6109102390434185
"PINK REGENCY TEACUP AND SAUCER, GREEN REGENCY TEACUP AND SAUCER, ROSES REGENCY TEACUP AND SAUCER",REGENCY CAKESTAND 3 TIER,0.015080160320641283,0.55637707948244,5.5861602145218825
"PINK REGENCY TEACUP AND SAUCER, ROSES REGENCY TEACUP AND SAUCER",REGENCY CAKESTAND 3 TIER,0.01658316633266533,0.5535117056856187,5.557391169761041
JUMBO SHOPPER VINTAGE RED PAISLEY,JUMBO BAG RED RETROSPOT,0.03406813627254509,0.5787234042553191,5.529592699347137
"PINK REGENCY TEACUP AND SAUCER, GREEN REGENCY TEACUP AND SAUCER",REGENCY CAKESTAND 3 TIER,0.01718436873747495,0.5427215189873418,5.449055090033874
LUNCH BAG DOILEY PATTERN,LUNCH BAG RED RETROSPOT,0.02314629258517034,0.4207650273224044,5.366434469875522
LUNCH BAG ALPHABET DESIGN,LUNCH BAG RED RETROSPOT,0.015531062124248497,0.4189189189189189,5.342889215093688
"GREEN REGENCY TEACUP AND SAUCER, ROSES REGENCY TEACUP AND SAUCER",REGENCY CAKESTAND 3 TIER,0.020440881763527055,0.5319426336375489,5.340832478574184
JUMBO BAG APPLES,JUMBO BAG RED RETROSPOT,0.027354709418837674,0.558282208588957,5.3342809398925715
STRAWBERRY CHARLOTTE BAG,LUNCH BAG RED RETROSPOT,0.015080160320641283,0.4168975069252078,5.317108139442267
RECYCLING BAG RETROSPOT,JUMBO BAG RED RETROSPOT,0.020791583166332665,0.5548128342245989,5.3011317238501645
CHARLOTTE BAG PINK POLKADOT,LUNCH BAG RED RETROSPOT,0.015180360721442885,0.40835579514824794,5.208167202018549
PINK REGENCY TEACUP AND SAUCER,REGENCY CAKESTAND 3 TIER,0.01963927855711423,0.5124183006535948,5.14480346129062
GREEN REGENCY TEACUP AND SAUCER,REGENCY CAKESTAND 3 TIER,0.025501002004008014,0.5024679170779862,5.044899207684409
SPOTTY BUNTING,PARTY BUNTING,0.024198396793587176,0.42146596858638746,4.992558298506999
ROSES REGENCY TEACUP AND SAUCER,REGENCY CAKESTAND 3 TIER,0.02630260521042084,0.49295774647887325,4.949414798651062
JUMBO BAG VINTAGE LEAF,JUMBO BAG RED RETROSPOT,0.021292585170340682,0.48350398179749715,4.619789122392553
JUMBO BAG DOILEY PATTERNS,JUMBO BAG RED RETROSPOT,0.028907815631262525,0.46872461413484967,4.478575058942843
JUMBO BAG ALPHABET,JUMBO BAG RED RETROSPOT,0.020741482965931864,0.45695364238410596,4.366105649586766
RED RETROSPOT CHARLOTTE BAG,JUMBO BAG RED RETROSPOT,0.021292585170340682,0.4118217054263566,3.9348785257587733
